modele,source,indicateur,region,region_nom,RMSE,MAE,MAPE
Prophet,A,Usage de stupéfiants,R01,Guadeloupe,238.05000378871927,181.69297831660015,9.033062173014507
Prophet,B,Usage de stupéfiants,R01,Guadeloupe,72.8593233738032,54.03708826376305,4.195471030604914
Prophet,A,Usage de stupéfiants,R02,Martinique,269.0937556704952,256.0891625330123,18.412253332187884
Prophet,B,Usage de stupéfiants,R02,Martinique,262.6303800052398,228.31918690866422,19.169590156614635
Prophet,A,Usage de stupéfiants,R03,Guyane,155.35872571533903,146.04753389069288,17.49182713153545
Prophet,B,Usage de stupéfiants,R03,Guyane,123.38036743896966,104.04898573124777,29.276561031774417
Prophet,A,Usage de stupéfiants,R04,La Réunion,306.7317703800456,271.5859930521548,13.223153534570416
Prophet,B,Usage de stupéfiants,R04,La Réunion,495.416449868307,489.3766170146064,33.63241141020226
Prophet,A,Usage de stupéfiants,R06,Mayotte,128.17401124203687,91.00077687814502,35.930172001995466
Prophet,B,Usage de stupéfiants,R06,Mayotte,15.935917996360892,14.622194862594085,11.078808966265717
Prophet,A,Cambriolages de logement,R01,Guadeloupe,832.9045184729803,795.1881093060623,83.11198562455888
Prophet,B,Cambriolages de logement,R01,Guadeloupe,793.4408127787975,758.4147850505763,79.21916434984612
Prophet,A,Cambriolages de logement,R02,Martinique,376.38161068924876,371.01559276179455,54.9194750842003
Prophet,B,Cambriolages de logement,R02,Martinique,388.47921052758744,382.35859763052895,56.443638189186515
Prophet,A,Cambriolages de logement,R03,Guyane,183.2480538651961,181.1848259264902,18.26714706554934
Prophet,B,Cambriolages de logement,R03,Guyane,181.59704310341286,181.13821649742704,18.57844919260254
Prophet,A,Cambriolages de logement,R04,La Réunion,188.23678808195464,184.1931508970821,19.50438260377077
Prophet,B,Cambriolages de logement,R04,La Réunion,212.7807493338645,211.21231789526803,22.8242498738419
Prophet,A,Cambriolages de logement,R06,Mayotte,290.27865648368504,262.6139837523835,112.7026779889272
Prophet,B,Cambriolages de logement,R06,Mayotte,259.57917612520487,252.76796420316006,55.08241939140932
Prophet,A,Vols sans violence contre des personnes,R01,Guadeloupe,71.87822169941951,56.456892852751565,11.61004037172772
Prophet,B,Vols sans violence contre des personnes,R01,Guadeloupe,219.74448318696483,212.40749423684292,8.842016392382783
Prophet,A,Vols sans violence contre des personnes,R02,Martinique,71.50551372288767,56.90755682746112,11.194565767356467
Prophet,B,Vols sans violence contre des personnes,R02,Martinique,548.6907395463606,548.49872599385,34.6446496228014
Prophet,A,Vols sans violence contre des personnes,R03,Guyane,771.091371700317,680.3754510262307,41.857613039896954
Prophet,B,Vols sans violence contre des personnes,R03,Guyane,313.41235482231076,313.3575985036441,16.167729079624994
Prophet,A,Vols sans violence contre des personnes,R04,La Réunion,129.28022817074208,102.41311797615026,22.676290815085896
Prophet,B,Vols sans violence contre des personnes,R04,La Réunion,647.2327666857201,643.5331790417381,21.993854049678006
Prophet,A,Vols sans violence contre des personnes,R06,Mayotte,651.1067893231213,606.45345808863,95.56883711885679
Prophet,B,Vols sans violence contre des personnes,R06,Mayotte,53.40990530257883,49.40889440032038,4.319157282225089
Prophet,A,Destructions et dégradations volontaires,R01,Guadeloupe,22.964792541952182,22.887599710627192,20.794018579614413
Prophet,B,Destructions et dégradations volontaires,R01,Guadeloupe,265.9631082496236,193.6444790991602,6.4949109782779635
Prophet,A,Destructions et dégradations volontaires,R02,Martinique,38.39214394584219,33.8000721981822,39.31528286389051
Prophet,B,Destructions et dégradations volontaires,R02,Martinique,94.76565482764492,85.5986715452591,3.7874715958035337
Prophet,A,Destructions et dégradations volontaires,R03,Guyane,11.01212466821221,10.895639652168743,25.127170192219623
Prophet,B,Destructions et dégradations volontaires,R03,Guyane,220.46846069890674,171.17687280785447,11.578299856703987
Prophet,A,Destructions et dégradations volontaires,R04,La Réunion,20.211561064116715,19.847629917043463,6.424416626299612
Prophet,B,Destructions et dégradations volontaires,R04,La Réunion,401.3292523490567,349.5423322814163,7.740517824915344
Prophet,A,Destructions et dégradations volontaires,R06,Mayotte,29.066210047632737,21.280125772352108,43.6909532406686
Prophet,B,Destructions et dégradations volontaires,R06,Mayotte,826.263033342285,826.2630328406864,47.78352139522944
Prophet,A,Violences sexuelles,R01,Guadeloupe,41.57611473165103,33.11583723105309,15.121393573006964
Prophet,B,Violences sexuelles,R01,Guadeloupe,73.02489453243314,57.47701663074082,9.614415323462211
Prophet,A,Violences sexuelles,R02,Martinique,31.062574234726195,25.583341852231996,10.534737631998311
Prophet,B,Violences sexuelles,R02,Martinique,82.14920948830938,62.4136982847956,8.677704523434324
Prophet,A,Violences sexuelles,R03,Guyane,23.125005171231606,17.574597002476594,5.487315072930684
Prophet,B,Violences sexuelles,R03,Guyane,74.28974161574968,68.05686666409429,11.790451074159053
Prophet,A,Violences sexuelles,R04,La Réunion,76.04201581323434,61.41833131846266,11.237155040451537
Prophet,B,Violences sexuelles,R04,La Réunion,85.86712007551073,85.64144667556343,6.009061963769394
Prophet,A,Violences sexuelles,R06,Mayotte,92.55976439738656,70.7266221806394,51.98531908177435
Prophet,B,Violences sexuelles,R06,Mayotte,38.25503443483432,38.07809461107183,10.05463475883363
XGBoost,A,Usage de stupéfiants,R01,Guadeloupe,438.61019587714304,360.039794921875,18.32262776054861
XGBoost,B,Usage de stupéfiants,R01,Guadeloupe,107.16817086111914,82.0,5.732329035233308
XGBoost,A,Usage de stupéfiants,R02,Martinique,368.69875862240144,347.7535400390625,24.93425675666532
XGBoost,B,Usage de stupéfiants,R02,Martinique,164.19702242528876,158.5,13.919262785651899
XGBoost,A,Usage de stupéfiants,R03,Guyane,156.45120344374422,142.3094482421875,16.912676365772615
XGBoost,B,Usage de stupéfiants,R03,Guyane,68.72260648106916,55.881988525390625,15.563050424978798
XGBoost,A,Usage de stupéfiants,R04,La Réunion,339.66749879908605,292.168701171875,14.062800554642607
XGBoost,B,Usage de stupéfiants,R04,La Réunion,263.3082723363192,240.12921142578125,16.550790323598065
XGBoost,A,Usage de stupéfiants,R06,Mayotte,118.33114622751397,87.1909408569336,36.56724313710373
XGBoost,B,Usage de stupéfiants,R06,Mayotte,10.543568358243,9.556007385253906,6.694527035667782
XGBoost,A,Usage de stupéfiants,R11,Île-de-France,3056.5285840887473,2814.0,4.8132482247689845
XGBoost,B,Usage de stupéfiants,R11,Île-de-France,1954.3592832520171,1208.1025695800781,25.8809549486821
XGBoost,A,Usage de stupéfiants,R24,Centre-Val de Loire,1825.8237524638118,1672.0078125,13.901838417087987
XGBoost,B,Usage de stupéfiants,R24,Centre-Val de Loire,240.25965517458292,193.91104634602866,23.49304662037279
XGBoost,A,Usage de stupéfiants,R27,Bourgogne-FC,2532.4404970235737,2477.6357421875,20.248690326453065
XGBoost,B,Usage de stupéfiants,R27,Bourgogne-FC,305.38932202691956,235.18816757202148,33.13580432441135
XGBoost,A,Usage de stupéfiants,R28,Normandie,2015.6961604595826,1907.1640625,14.392115891773097
XGBoost,B,Usage de stupéfiants,R28,Normandie,720.6395590076374,526.112744140625,48.58383535125015
XGBoost,A,Usage de stupéfiants,R32,Hauts-de-France,2230.6267942173936,1809.7734375,7.792236657315814
XGBoost,B,Usage de stupéfiants,R32,Hauts-de-France,2758.3550702843213,1607.223974609375,79.72095661730592
XGBoost,A,Usage de stupéfiants,R44,Grand Est,3765.4858347725476,3394.884765625,13.865793494131081
XGBoost,B,Usage de stupéfiants,R44,Grand Est,343.1619745015389,264.0139984130859,30.550013007426784
XGBoost,A,Usage de stupéfiants,R52,Pays de la Loire,2832.950580100568,2566.244140625,15.794109701832168
XGBoost,B,Usage de stupéfiants,R52,Pays de la Loire,657.0243752060032,403.084765625,24.481360424757632
XGBoost,A,Usage de stupéfiants,R53,Bretagne,2752.024215838609,2466.0849609375,18.091028364639143
XGBoost,B,Usage de stupéfiants,R53,Bretagne,496.4289414297019,343.6061706542969,15.091883379729943
XGBoost,A,Usage de stupéfiants,R75,Nouvelle-Aquitaine,4741.545442722036,4296.302734375,15.859691086320558
XGBoost,B,Usage de stupéfiants,R75,Nouvelle-Aquitaine,308.85048587718364,179.95559056599936,20.976820133805717
XGBoost,A,Usage de stupéfiants,R76,Occitanie,4753.597210348836,4231.189453125,14.746600952049963
XGBoost,B,Usage de stupéfiants,R76,Occitanie,825.3215024084767,507.22206233097955,135.48579991134073
XGBoost,A,Usage de stupéfiants,R84,Auvergne-RA,7440.749517469939,7024.08203125,18.74302846626279
XGBoost,B,Usage de stupéfiants,R84,Auvergne-RA,1098.4177450479986,623.0478553771973,36.83277800719439
XGBoost,A,Usage de stupéfiants,R93,PACA,3188.272040466303,2648.81640625,9.723401167452815
XGBoost,B,Usage de stupéfiants,R93,PACA,3287.182530434857,1667.885518391927,81.44268047893503
XGBoost,A,Usage de stupéfiants,R94,Corse,319.4415996682521,295.63818359375,18.019497418195797
XGBoost,B,Usage de stupéfiants,R94,Corse,29.908921997822013,19.64330291748047,5.78119353166155
XGBoost,A,Cambriolages de logement,R01,Guadeloupe,153.64552248579574,150.3818359375,15.665951878110082
XGBoost,B,Cambriolages de logement,R01,Guadeloupe,153.9555704133027,149.443359375,15.57469190412557
XGBoost,A,Cambriolages de logement,R02,Martinique,682.982980530421,676.8260498046875,99.73379519633606
XGBoost,B,Cambriolages de logement,R02,Martinique,681.0224617112955,674.7113037109375,99.05781475877018
XGBoost,A,Cambriolages de logement,R03,Guyane,151.73642309953559,128.0,14.247365703929452
XGBoost,B,Cambriolages de logement,R03,Guyane,156.01251491145865,130.0,14.641325606850828
XGBoost,A,Cambriolages de logement,R04,La Réunion,552.065758267488,547.151123046875,59.53705714185524
XGBoost,B,Cambriolages de logement,R04,La Réunion,557.1479141509976,551.44677734375,60.97294167295413
XGBoost,A,Cambriolages de logement,R06,Mayotte,61.51354908753025,61.5,30.58391698035384
XGBoost,B,Cambriolages de logement,R06,Mayotte,110.99661561708004,103.91943359375,22.906251462716163
XGBoost,A,Cambriolages de logement,R11,Île-de-France,9395.896156917019,9390.59765625,23.206461240584566
XGBoost,B,Cambriolages de logement,R11,Île-de-France,1685.3519990529128,1499.2959899902344,33.46126093869342
XGBoost,A,Cambriolages de logement,R24,Centre-Val de Loire,1448.0780379651171,1445.3095703125,24.35388525771246
XGBoost,B,Cambriolages de logement,R24,Centre-Val de Loire,686.4568092567947,525.4661153157552,73.31209297436354
XGBoost,A,Cambriolages de logement,R27,Bourgogne-FC,2258.305861539049,2253.251953125,40.85839756921825
XGBoost,B,Cambriolages de logement,R27,Bourgogne-FC,286.3489638420793,240.74220275878906,46.55797167938391
XGBoost,A,Cambriolages de logement,R28,Normandie,1573.5433032433089,1557.51806640625,25.916711347157605
XGBoost,B,Cambriolages de logement,R28,Normandie,1128.6018593810882,804.432470703125,127.51373931298218
XGBoost,A,Cambriolages de logement,R32,Hauts-de-France,4876.194132295757,4822.37109375,29.405420381423177
XGBoost,B,Cambriolages de logement,R32,Hauts-de-France,2364.0682900513457,2061.64970703125,104.7115477794386
XGBoost,A,Cambriolages de logement,R44,Grand Est,3988.7809690799227,3972.0458984375,38.3372260059912
XGBoost,B,Cambriolages de logement,R44,Grand Est,573.1105045749442,465.0311706542969,66.66522788115968
XGBoost,A,Cambriolages de logement,R52,Pays de la Loire,1433.5366577009186,1415.927734375,13.983411145235483
XGBoost,B,Cambriolages de logement,R52,Pays de la Loire,1291.994985562443,773.2472900390625,56.4615609461441
XGBoost,A,Cambriolages de logement,R53,Bretagne,1031.5191764602255,1031.470703125,17.58422686956682
XGBoost,B,Cambriolages de logement,R53,Bretagne,426.1944461082002,393.79803466796875,29.400394188574396
XGBoost,A,Cambriolages de logement,R75,Nouvelle-Aquitaine,1880.7650570361166,1880.2734375,10.472777510460972
XGBoost,B,Cambriolages de logement,R75,Nouvelle-Aquitaine,1357.8320297542614,663.1187133789062,97.46258178029903
XGBoost,A,Cambriolages de logement,R76,Occitanie,6230.723989022738,6221.92578125,33.198522178591524
XGBoost,B,Cambriolages de logement,R76,Occitanie,1749.8157770557173,1110.4751762977014,122.23589670270643
XGBoost,A,Cambriolages de logement,R84,Auvergne-RA,6954.447163514359,6879.68359375,26.239740224630577
XGBoost,B,Cambriolages de logement,R84,Auvergne-RA,2542.609081018565,1547.7744369506836,411.0902998938486
XGBoost,A,Cambriolages de logement,R93,PACA,4938.4793645839545,4684.447265625,22.61787153678297
XGBoost,B,Cambriolages de logement,R93,PACA,3308.566714956942,2497.657511393229,431.9758502587272
XGBoost,A,Cambriolages de logement,R94,Corse,57.67166901402182,55.94659423828125,15.58421082478631
XGBoost,B,Cambriolages de logement,R94,Corse,22.667735979802163,19.65587615966797,10.657672264138155
XGBoost,A,Vols sans violence contre des personnes,R01,Guadeloupe,404.07421422384766,398.5645751953125,76.2621078491211
XGBoost,B,Vols sans violence contre des personnes,R01,Guadeloupe,462.7842482040111,462.02490234375,19.301800882588743
XGBoost,A,Vols sans violence contre des personnes,R02,Martinique,72.58182549833683,71.11871337890625,14.39239207508648
XGBoost,B,Vols sans violence contre des personnes,R02,Martinique,737.1677325203136,736.515625,46.5827853884423
XGBoost,A,Vols sans violence contre des personnes,R03,Guyane,223.61067138076442,222.0,14.542833520315071
XGBoost,B,Vols sans violence contre des personnes,R03,Guyane,517.0147243024887,516.76708984375,26.673602645369716
XGBoost,A,Vols sans violence contre des personnes,R04,La Réunion,283.2043597968773,282.95001220703125,61.486863279659
XGBoost,B,Vols sans violence contre des personnes,R04,La Réunion,1034.819204782652,1034.17529296875,35.40778657008654
XGBoost,A,Vols sans violence contre des personnes,R06,Mayotte,330.15795833479353,289.0744323730469,43.42388502350647
XGBoost,B,Vols sans violence contre des personnes,R06,Mayotte,123.56124827344745,120.346923828125,10.475447151837779
XGBoost,A,Vols sans violence contre des personnes,R11,Île-de-France,8060.760580793176,7939.484375,24.665100153806126
XGBoost,B,Vols sans violence contre des personnes,R11,Île-de-France,33765.924805002236,16800.752685546875,65.58287684035878
XGBoost,A,Vols sans violence contre des personnes,R24,Centre-Val de Loire,386.84254747020947,386.3251953125,31.937323830941484
XGBoost,B,Vols sans violence contre des personnes,R24,Centre-Val de Loire,1201.7337448697895,1046.2992045084636,61.86100044957824
XGBoost,A,Vols sans violence contre des personnes,R27,Bourgogne-FC,128.60427616835065,128.556640625,13.641529019565873
XGBoost,B,Vols sans violence contre des personnes,R27,Bourgogne-FC,872.2813021221223,665.1668930053711,52.81896526335377
XGBoost,A,Vols sans violence contre des personnes,R28,Normandie,755.4414120807805,746.790283203125,44.84786974424014
XGBoost,B,Vols sans violence contre des personnes,R28,Normandie,3674.3373089302713,2349.8260986328123,174.4929192741538
XGBoost,A,Vols sans violence contre des personnes,R32,Hauts-de-France,1730.803051904818,1726.35546875,37.53940371400872
XGBoost,B,Vols sans violence contre des personnes,R32,Hauts-de-France,11317.084322940907,7689.331982421875,186.4792872338464
XGBoost,A,Vols sans violence contre des personnes,R44,Grand Est,720.0089580938911,711.6337890625,32.68319243905104
XGBoost,B,Vols sans violence contre des personnes,R44,Grand Est,1991.7409505664023,1731.2148559570312,118.27205955328341
XGBoost,A,Vols sans violence contre des personnes,R52,Pays de la Loire,981.676538104717,966.579833984375,42.282677671443984
XGBoost,B,Vols sans violence contre des personnes,R52,Pays de la Loire,4405.980769350254,3247.8452392578124,92.13746981110346
XGBoost,A,Vols sans violence contre des personnes,R53,Bretagne,432.85590410042397,426.2205810546875,33.326840623001885
XGBoost,B,Vols sans violence contre des personnes,R53,Bretagne,3330.7546295532225,2972.9627685546875,90.57549039732599
XGBoost,A,Vols sans violence contre des personnes,R75,Nouvelle-Aquitaine,806.6557826612479,792.30126953125,25.628167255897992
XGBoost,B,Vols sans violence contre des personnes,R75,Nouvelle-Aquitaine,5700.319755906671,2854.60471089681,191.01166323408043
XGBoost,A,Vols sans violence contre des personnes,R76,Occitanie,1458.9566107888434,1452.60400390625,33.19398853908075
XGBoost,B,Vols sans violence contre des personnes,R76,Occitanie,4997.844414436627,3270.0965599646934,264.7491244662048
XGBoost,A,Vols sans violence contre des personnes,R84,Auvergne-RA,591.3703587395673,449.30908203125,7.089344229011409
XGBoost,B,Vols sans violence contre des personnes,R84,Auvergne-RA,10455.705129385606,5525.588976542155,450.2209648935216
XGBoost,A,Vols sans violence contre des personnes,R93,PACA,1762.2672267642215,1745.2236328125,28.203843859221994
XGBoost,B,Vols sans violence contre des personnes,R93,PACA,5955.461300396379,3452.813680013021,242.8883115564632
XGBoost,A,Vols sans violence contre des personnes,R94,Corse,43.393447975999536,43.10442352294922,61.511444779294145
XGBoost,B,Vols sans violence contre des personnes,R94,Corse,163.2682722543141,150.85205078125,21.032776758632455
XGBoost,A,Destructions et dégradations volontaires,R01,Guadeloupe,31.643378891634224,27.5,22.003075789725955
XGBoost,B,Destructions et dégradations volontaires,R01,Guadeloupe,182.67447178588597,161.0,5.53154871091266
XGBoost,A,Destructions et dégradations volontaires,R02,Martinique,40.133421258078094,32.98752021789551,36.795316040815024
XGBoost,B,Destructions et dégradations volontaires,R02,Martinique,74.16744014322377,72.634765625,3.2284889773308914
XGBoost,A,Destructions et dégradations volontaires,R03,Guyane,8.136104425695873,7.562816619873047,17.735543916679504
XGBoost,B,Destructions et dégradations volontaires,R03,Guyane,100.27033816623732,96.5,7.047561326831427
XGBoost,A,Destructions et dégradations volontaires,R04,La Réunion,20.37652600736201,20.0,6.474786719808151
XGBoost,B,Destructions et dégradations volontaires,R04,La Réunion,523.7837784139815,467.85595703125,10.329572111676985
XGBoost,A,Destructions et dégradations volontaires,R06,Mayotte,25.486304895394127,19.0,40.66045245284554
XGBoost,B,Destructions et dégradations volontaires,R06,Mayotte,615.8683138396078,615.4197998046875,35.57178796363183
XGBoost,A,Destructions et dégradations volontaires,R11,Île-de-France,1030.1469562609466,907.49462890625,21.663693479601758
XGBoost,B,Destructions et dégradations volontaires,R11,Île-de-France,3814.156673195527,3313.7332763671875,26.953548463576993
XGBoost,A,Destructions et dégradations volontaires,R24,Centre-Val de Loire,199.4379335427664,195.88067626953125,24.31270216215207
XGBoost,B,Destructions et dégradations volontaires,R24,Centre-Val de Loire,1055.4540975253615,879.2366739908854,33.82014687388141
XGBoost,A,Destructions et dégradations volontaires,R27,Bourgogne-FC,158.28231767711378,158.2625732421875,12.506371367930512
XGBoost,B,Destructions et dégradations volontaires,R27,Bourgogne-FC,707.4336158346075,611.478759765625,33.457985525683206
XGBoost,A,Destructions et dégradations volontaires,R28,Normandie,296.1434039829749,280.8289794921875,25.00800510725082
XGBoost,B,Destructions et dégradations volontaires,R28,Normandie,4573.502328596117,2757.6026611328125,126.6527992461792
XGBoost,A,Destructions et dégradations volontaires,R32,Hauts-de-France,968.3779410089475,955.9736328125,28.101921846683886
XGBoost,B,Destructions et dégradations volontaires,R32,Hauts-de-France,13029.16393726768,8969.0658203125,141.26534910586736
XGBoost,A,Destructions et dégradations volontaires,R44,Grand Est,994.6639510066071,942.122802734375,36.04835730910268
XGBoost,B,Destructions et dégradations volontaires,R44,Grand Est,2011.9921337450203,1472.7529296875,53.393889929568104
XGBoost,A,Destructions et dégradations volontaires,R52,Pays de la Loire,211.1181653602223,208.112060546875,18.642001695840584
XGBoost,B,Destructions et dégradations volontaires,R52,Pays de la Loire,3462.028439421909,2796.872521972656,66.63634295760929
XGBoost,A,Destructions et dégradations volontaires,R53,Bretagne,108.9966447490589,105.20465087890625,13.827962086613017
XGBoost,B,Destructions et dégradations volontaires,R53,Bretagne,1275.0305829895933,1046.9434814453125,22.075556648180566
XGBoost,A,Destructions et dégradations volontaires,R75,Nouvelle-Aquitaine,142.97536392927879,133.3780517578125,9.485973143597445
XGBoost,B,Destructions et dégradations volontaires,R75,Nouvelle-Aquitaine,4078.483222720171,2026.074971516927,96.71182757872278
XGBoost,A,Destructions et dégradations volontaires,R76,Occitanie,610.4401707495605,592.35205078125,33.66199062604719
XGBoost,B,Destructions et dégradations volontaires,R76,Occitanie,3216.1839300070337,2168.2444739708535,148.46290076887274
XGBoost,A,Destructions et dégradations volontaires,R84,Auvergne-RA,1231.4376385071137,1213.31298828125,29.725958092257613
XGBoost,B,Destructions et dégradations volontaires,R84,Auvergne-RA,2402.9983073207686,1581.0343017578125,53.736355957394224
XGBoost,A,Destructions et dégradations volontaires,R93,PACA,370.54041374898134,369.323974609375,24.076155519069243
XGBoost,B,Destructions et dégradations volontaires,R93,PACA,4511.729136630464,2816.9266662597656,107.44093293908416
XGBoost,A,Destructions et dégradations volontaires,R94,Corse,152.87163308503136,152.13394165039062,55.58052941436955
XGBoost,B,Destructions et dégradations volontaires,R94,Corse,194.6268881312361,173.6826171875,11.971253914087969
XGBoost,A,Violences sexuelles,R01,Guadeloupe,48.92539015809712,39.40423583984375,18.06099827690636
XGBoost,B,Violences sexuelles,R01,Guadeloupe,120.3578778596256,95.30880737304688,15.972830517807607
XGBoost,A,Violences sexuelles,R02,Martinique,53.73262037699731,40.77001953125,16.284034906963317
XGBoost,B,Violences sexuelles,R02,Martinique,181.02731487740127,154.70904541015625,22.402126525526977
XGBoost,A,Violences sexuelles,R03,Guyane,54.67096926174727,47.25108337402344,15.157774705153246
XGBoost,B,Violences sexuelles,R03,Guyane,70.66368953180442,67.5,10.775099958655517
XGBoost,A,Violences sexuelles,R04,La Réunion,115.99278915507468,99.86654663085938,18.595145736782914
XGBoost,B,Violences sexuelles,R04,La Réunion,206.9508729223895,151.48486328125,9.598434736143869
XGBoost,A,Violences sexuelles,R06,Mayotte,77.07416015516058,56.5,38.073857131705275
XGBoost,B,Violences sexuelles,R06,Mayotte,62.9274783059839,53.0,12.92219621834761
XGBoost,A,Violences sexuelles,R11,Île-de-France,1328.8537768231085,1048.0283203125,17.05574551319768
XGBoost,B,Violences sexuelles,R11,Île-de-France,873.4731975909025,512.9810180664062,19.923281558089062
XGBoost,A,Violences sexuelles,R24,Centre-Val de Loire,383.07008115187955,343.2822265625,25.182046904212253
XGBoost,B,Violences sexuelles,R24,Centre-Val de Loire,180.89193355839674,111.651917775472,18.529550938451244
XGBoost,A,Violences sexuelles,R27,Bourgogne-FC,234.51529813017976,206.31329345703125,17.88885081173815
XGBoost,B,Violences sexuelles,R27,Bourgogne-FC,130.6685335654148,94.05907154083252,22.91638440372411
XGBoost,A,Violences sexuelles,R28,Normandie,454.11565993322466,422.095703125,23.75712325700419
XGBoost,B,Violences sexuelles,R28,Normandie,423.2894102485309,232.1943786621094,20.169748366056055
XGBoost,A,Violences sexuelles,R32,Hauts-de-France,654.1736552469157,521.07861328125,16.542505775217137
XGBoost,B,Violences sexuelles,R32,Hauts-de-France,720.0992239334611,401.3382995605469,14.016696556183367
XGBoost,A,Violences sexuelles,R44,Grand Est,595.5719703678363,507.61572265625,21.476587359341696
XGBoost,B,Violences sexuelles,R44,Grand Est,287.209198255357,210.17984313964843,36.304430384434184
XGBoost,A,Violences sexuelles,R52,Pays de la Loire,517.1203983638459,432.482666015625,22.15762286590792
XGBoost,B,Violences sexuelles,R52,Pays de la Loire,440.7772038121263,297.62604064941405,28.15042849427566
XGBoost,A,Violences sexuelles,R53,Bretagne,554.5697149588025,504.853759765625,30.439299505681166
XGBoost,B,Violences sexuelles,R53,Bretagne,310.2729407598057,271.42189025878906,24.281394251341943
XGBoost,A,Violences sexuelles,R75,Nouvelle-Aquitaine,874.6184905134285,775.1983642578125,26.221398324859592
XGBoost,B,Violences sexuelles,R75,Nouvelle-Aquitaine,541.0209388512477,302.1905097961426,38.849036980024785
XGBoost,A,Violences sexuelles,R76,Occitanie,730.5488691427469,605.6644287109375,21.834998945099176
XGBoost,B,Violences sexuelles,R76,Occitanie,417.34219449549516,226.25238154484674,61.967671189456816
XGBoost,A,Violences sexuelles,R84,Auvergne-RA,819.89787071711,718.475830078125,21.367679178515466
XGBoost,B,Violences sexuelles,R84,Auvergne-RA,488.30419833354335,286.7690836588542,41.070241561158646
XGBoost,A,Violences sexuelles,R93,PACA,490.7700881502442,402.01123046875,19.049101087306394
XGBoost,B,Violences sexuelles,R93,PACA,413.62648575496235,228.4298095703125,21.006417659126633
XGBoost,A,Violences sexuelles,R94,Corse,27.90415412083997,27.452537536621094,25.4938858229907
XGBoost,B,Violences sexuelles,R94,Corse,47.15053440387491,38.56616020202637,21.15563998247051
LightGBM,A,Usage de stupéfiants,R01,Guadeloupe,618.7271712960406,565.75,29.906447113051914
LightGBM,B,Usage de stupéfiants,R01,Guadeloupe,144.10499644356543,118.5,8.362384490922695
LightGBM,A,Usage de stupéfiants,R02,Martinique,509.6899179893595,494.75,35.81902820290252
LightGBM,B,Usage de stupéfiants,R02,Martinique,329.17244720662757,288.5,28.39957047734546
LightGBM,A,Usage de stupéfiants,R03,Guyane,227.48406537601704,218.0,26.247712093296716
LightGBM,B,Usage de stupéfiants,R03,Guyane,66.80007485025746,53.5,17.765282873848236
LightGBM,A,Usage de stupéfiants,R04,La Réunion,425.8712393435368,303.75,13.651813899575812
LightGBM,B,Usage de stupéfiants,R04,La Réunion,115.41447049655429,114.5,7.866593600289253
LightGBM,A,Usage de stupéfiants,R06,Mayotte,85.26576100639693,80.0,48.049535603715164
LightGBM,B,Usage de stupéfiants,R06,Mayotte,22.683970111071826,19.25,13.293650793650794
LightGBM,A,Usage de stupéfiants,R11,Île-de-France,7487.8780038138975,6939.0,11.879909025669523
LightGBM,B,Usage de stupéfiants,R11,Île-de-France,2579.4925130730658,2055.28125,37.74617835355878
LightGBM,A,Usage de stupéfiants,R24,Centre-Val de Loire,2691.1406155197465,2589.25,21.743066370186536
LightGBM,B,Usage de stupéfiants,R24,Centre-Val de Loire,478.23852138167763,365.0277777777778,46.72557300386532
LightGBM,A,Usage de stupéfiants,R27,Bourgogne-FC,3108.4838748174325,3064.0,25.084925290765337
LightGBM,B,Usage de stupéfiants,R27,Bourgogne-FC,520.7365426729721,466.375,64.48363984158814
LightGBM,A,Usage de stupéfiants,R28,Normandie,3398.7227748082073,3335.5,25.358316200938948
LightGBM,B,Usage de stupéfiants,R28,Normandie,1157.6795119980313,849.7,70.27886630562121
LightGBM,A,Usage de stupéfiants,R32,Hauts-de-France,4510.363739489311,4317.75,19.065140787502838
LightGBM,B,Usage de stupéfiants,R32,Hauts-de-France,2783.0387241287176,2221.38,91.92651423166849
LightGBM,A,Usage de stupéfiants,R44,Grand Est,4670.775180225531,4377.499261474618,18.015442529184927
LightGBM,B,Usage de stupéfiants,R44,Grand Est,562.1724392027256,503.5,62.7184696010214
LightGBM,A,Usage de stupéfiants,R52,Pays de la Loire,4360.374295860391,4192.0,26.169308834362333
LightGBM,B,Usage de stupéfiants,R52,Pays de la Loire,698.4819414272642,646.99,60.05789504240232
LightGBM,A,Usage de stupéfiants,R53,Bretagne,3607.58818326039,3394.5,25.23117462386949
LightGBM,B,Usage de stupéfiants,R53,Bretagne,712.1567731414551,603.421875,33.310670650489214
LightGBM,A,Usage de stupéfiants,R75,Nouvelle-Aquitaine,5471.850559598505,5090.885241937642,18.901287848962003
LightGBM,B,Usage de stupéfiants,R75,Nouvelle-Aquitaine,418.0696689877447,295.98533522630504,35.49470997871074
LightGBM,A,Usage de stupéfiants,R76,Occitanie,5631.885660155449,5198.501114654548,18.258461802348126
LightGBM,B,Usage de stupéfiants,R76,Occitanie,1110.0185660128232,814.6646248066389,150.61025833926865
LightGBM,A,Usage de stupéfiants,R84,Auvergne-RA,8403.95759533734,8037.3800621986375,21.511521669549282
LightGBM,B,Usage de stupéfiants,R84,Auvergne-RA,1326.8968200547013,1081.3693577348974,111.8278375300906
LightGBM,A,Usage de stupéfiants,R93,PACA,6083.313390949048,5818.75,21.91453521873473
LightGBM,B,Usage de stupéfiants,R93,PACA,4445.342859542882,2770.5,134.74782298703465
LightGBM,A,Usage de stupéfiants,R94,Corse,447.4221300964001,430.75,26.51793160147276
LightGBM,B,Usage de stupéfiants,R94,Corse,43.7978309965231,39.75,12.077939877639658
LightGBM,A,Cambriolages de logement,R01,Guadeloupe,877.8153635588751,877.25,90.87416743666743
LightGBM,B,Cambriolages de logement,R01,Guadeloupe,860.0462560234769,859.25,88.85725963273165
LightGBM,A,Cambriolages de logement,R02,Martinique,547.697224751048,540.0,79.92065078926646
LightGBM,B,Cambriolages de logement,R02,Martinique,533.3327408850876,525.25,77.50210047958394
LightGBM,A,Cambriolages de logement,R03,Guyane,318.1360754457124,291.25,31.654210038711206
LightGBM,B,Cambriolages de logement,R03,Guyane,320.7733818445664,293.25,32.14327846646633
LightGBM,A,Cambriolages de logement,R04,La Réunion,863.1351284706236,860.0,93.22311749903214
LightGBM,B,Cambriolages de logement,R04,La Réunion,847.9848539331348,844.25,92.95062011208898
LightGBM,A,Cambriolages de logement,R06,Mayotte,125.80664728065842,109.75,62.778447227352586
LightGBM,B,Cambriolages de logement,R06,Mayotte,336.76586822301334,334.5,72.19975490196079
LightGBM,A,Cambriolages de logement,R11,Île-de-France,9016.77141844574,9011.25,22.269245920816
LightGBM,B,Cambriolages de logement,R11,Île-de-France,2174.20511089865,1976.8828125,42.67825082497904
LightGBM,A,Cambriolages de logement,R24,Centre-Val de Loire,2128.882159726085,2127.0,35.82986181670392
LightGBM,B,Cambriolages de logement,R24,Centre-Val de Loire,556.5108252416219,505.27777777777777,72.0177998947705
LightGBM,A,Cambriolages de logement,R27,Bourgogne-FC,1980.7639940184697,1975.0,35.82205018882353
LightGBM,B,Cambriolages de logement,R27,Bourgogne-FC,408.65057205277776,338.3203125,80.46843831128281
LightGBM,A,Cambriolages de logement,R28,Normandie,1992.3820071713155,1979.75,32.9053318196676
LightGBM,B,Cambriolages de logement,R28,Normandie,896.8345443837453,825.8799999999999,110.87299138433882
LightGBM,A,Cambriolages de logement,R32,Hauts-de-France,4790.793488556984,4736.0,28.882179187444322
LightGBM,B,Cambriolages de logement,R32,Hauts-de-France,3012.7308558847403,2775.98,134.3611710357569
LightGBM,A,Cambriolages de logement,R44,Grand Est,4042.926044956969,4026.4160248279613,38.86030747576165
LightGBM,B,Cambriolages de logement,R44,Grand Est,658.1285276210741,574.1928302018159,92.37056651552116
LightGBM,A,Cambriolages de logement,R52,Pays de la Loire,1051.8773989871634,1027.75,10.163164351312686
LightGBM,B,Cambriolages de logement,R52,Pays de la Loire,2038.001003434493,1707.3400000000001,183.1054421796999
LightGBM,A,Cambriolages de logement,R53,Bretagne,1424.2851057635896,1424.25,24.28010887345765
LightGBM,B,Cambriolages de logement,R53,Bretagne,443.653462210372,373.8125,30.0991825560886
LightGBM,A,Cambriolages de logement,R75,Nouvelle-Aquitaine,1076.0842462489695,1073.2653408489539,5.978294112405041
LightGBM,B,Cambriolages de logement,R75,Nouvelle-Aquitaine,1703.590454691243,1149.4978486317711,118.20757804314388
LightGBM,A,Cambriolages de logement,R76,Occitanie,6417.205905990559,6408.663717178498,34.193971451467704
LightGBM,B,Cambriolages de logement,R76,Occitanie,1516.321977088081,1263.3329931704402,288.12577284840063
LightGBM,A,Cambriolages de logement,R84,Auvergne-RA,6657.797657064633,6579.6641739845145,25.10191664100836
LightGBM,B,Cambriolages de logement,R84,Auvergne-RA,2138.3402462501476,1882.261173189334,326.6273894269917
LightGBM,A,Cambriolages de logement,R93,PACA,5797.7945160207255,5583.0,26.852750541907177
LightGBM,B,Cambriolages de logement,R93,PACA,3712.1956826733062,3070.6666666666665,563.6775119748612
LightGBM,A,Cambriolages de logement,R94,Corse,201.2375772563365,200.75,55.534380153982966
LightGBM,B,Cambriolages de logement,R94,Corse,97.71906479802189,96.125,55.89260980423762
LightGBM,A,Vols sans violence contre des personnes,R01,Guadeloupe,613.3655618797,609.75,115.85937500000001
LightGBM,B,Vols sans violence contre des personnes,R01,Guadeloupe,708.7455908152092,708.25,29.581710446557324
LightGBM,A,Vols sans violence contre des personnes,R02,Martinique,210.99881516255013,210.5,42.43255046583851
LightGBM,B,Vols sans violence contre des personnes,R02,Martinique,821.5850534180864,821.0,51.921811724728215
LightGBM,A,Vols sans violence contre des personnes,R03,Guyane,275.56226610332556,222.0,16.378941916840027
LightGBM,B,Vols sans violence contre des personnes,R03,Guyane,444.7878707878622,444.5,22.944396456693333
LightGBM,A,Vols sans violence contre des personnes,R04,La Réunion,606.3687512561972,606.25,131.66456348851335
LightGBM,B,Vols sans violence contre des personnes,R04,La Réunion,1277.0217304337464,1276.5,43.70077241824454
LightGBM,A,Vols sans violence contre des personnes,R06,Mayotte,213.88431452539945,159.5,21.465485577861184
LightGBM,B,Vols sans violence contre des personnes,R06,Mayotte,151.11667677658875,148.5,12.912263992716118
LightGBM,A,Vols sans violence contre des personnes,R11,Île-de-France,10597.9472068887,10506.0,32.57880518066887
LightGBM,B,Vols sans violence contre des personnes,R11,Île-de-France,32566.466420569337,24898.3671875,153.29173082742105
LightGBM,A,Vols sans violence contre des personnes,R24,Centre-Val de Loire,502.3982484045899,502.0,41.49193688651893
LightGBM,B,Vols sans violence contre des personnes,R24,Centre-Val de Loire,1396.1859063425059,1334.763888888889,96.29341356627467
LightGBM,A,Vols sans violence contre des personnes,R27,Bourgogne-FC,238.5256799592027,238.5,25.306767804353065
LightGBM,B,Vols sans violence contre des personnes,R27,Bourgogne-FC,997.0077439048555,900.0859375,92.60252163133991
LightGBM,A,Vols sans violence contre des personnes,R28,Normandie,739.5887793226719,730.75,43.894402033833444
LightGBM,B,Vols sans violence contre des personnes,R28,Normandie,2525.698394998896,2280.9300000000003,116.80477847772967
LightGBM,A,Vols sans violence contre des personnes,R32,Hauts-de-France,2521.8004604845323,2518.75,54.73671446480729
LightGBM,B,Vols sans violence contre des personnes,R32,Hauts-de-France,6472.055022363453,6146.55,148.6757440572046
LightGBM,A,Vols sans violence contre des personnes,R44,Grand Est,750.0209352705517,741.9846045196042,34.066517074664546
LightGBM,B,Vols sans violence contre des personnes,R44,Grand Est,2263.326995327211,1881.5824240112302,149.89483091546373
LightGBM,A,Vols sans violence contre des personnes,R52,Pays de la Loire,469.44781392610616,437.0,19.41523875753361
LightGBM,B,Vols sans violence contre des personnes,R52,Pays de la Loire,4521.174282473527,4245.71,165.0837781378599
LightGBM,A,Vols sans violence contre des personnes,R53,Bretagne,541.0437251276462,535.75,41.803671714386
LightGBM,B,Vols sans violence contre des personnes,R53,Bretagne,2271.015591405363,2057.65625,65.14039532335167
LightGBM,A,Vols sans violence contre des personnes,R75,Nouvelle-Aquitaine,663.6016716655581,646.076565615348,20.941720087445535
LightGBM,B,Vols sans violence contre des personnes,R75,Nouvelle-Aquitaine,3215.479396226591,2500.6610027977204,144.84402452872283
LightGBM,A,Vols sans violence contre des personnes,R76,Occitanie,1660.9557186893812,1655.378476194178,37.81427084350788
LightGBM,B,Vols sans violence contre des personnes,R76,Occitanie,4702.112448893014,3766.1290770173455,479.0074137090517
LightGBM,A,Vols sans violence contre des personnes,R84,Auvergne-RA,692.8155489232211,576.3272810042781,8.999293720284783
LightGBM,B,Vols sans violence contre des personnes,R84,Auvergne-RA,6666.29982936835,5109.533032380157,254.9120244199357
LightGBM,A,Vols sans violence contre des personnes,R93,PACA,2518.6456305919655,2506.75,40.44328099754533
LightGBM,B,Vols sans violence contre des personnes,R93,PACA,8251.036803537681,7219.5,437.81121110984964
LightGBM,A,Vols sans violence contre des personnes,R94,Corse,49.005739459781644,48.75,69.50259170653908
LightGBM,B,Vols sans violence contre des personnes,R94,Corse,291.27381876852576,284.5,39.063927604798934
LightGBM,A,Destructions et dégradations volontaires,R01,Guadeloupe,40.329889660151565,29.5,21.21984782256759
LightGBM,B,Destructions et dégradations volontaires,R01,Guadeloupe,174.0028735394907,161.0,5.572475415089427
LightGBM,A,Destructions et dégradations volontaires,R02,Martinique,40.03123780249619,35.5,41.48544663767146
LightGBM,B,Destructions et dégradations volontaires,R02,Martinique,69.87891312835367,68.25,3.033861369987375
LightGBM,A,Destructions et dégradations volontaires,R03,Guyane,3.905124837953327,3.0,7.239231966787753
LightGBM,B,Destructions et dégradations volontaires,R03,Guyane,127.284130982617,96.5,7.322428837193145
LightGBM,A,Destructions et dégradations volontaires,R04,La Réunion,20.556325060671714,20.0,6.492117805205915
LightGBM,B,Destructions et dégradations volontaires,R04,La Réunion,910.9666569090222,880.0,19.20320936295459
LightGBM,A,Destructions et dégradations volontaires,R06,Mayotte,25.16445906432324,19.0,41.82389937106918
LightGBM,B,Destructions et dégradations volontaires,R06,Mayotte,685.6528367184081,685.25,39.61012824105252
LightGBM,A,Destructions et dégradations volontaires,R11,Île-de-France,1141.124144210436,1031.75,24.466322777920055
LightGBM,B,Destructions et dégradations volontaires,R11,Île-de-France,4792.246376900301,4506.265625,38.34452508129922
LightGBM,A,Destructions et dégradations volontaires,R24,Centre-Val de Loire,226.87069555145283,223.75,27.74161863070314
LightGBM,B,Destructions et dégradations volontaires,R24,Centre-Val de Loire,1235.4583157678774,1120.5555555555554,55.30864309709068
LightGBM,A,Destructions et dégradations volontaires,R27,Bourgogne-FC,29.605742686174924,29.5,2.3314937895102292
LightGBM,B,Destructions et dégradations volontaires,R27,Bourgogne-FC,1174.9025075910554,1073.984375,65.54387762251588
LightGBM,A,Destructions et dégradations volontaires,R28,Normandie,272.47763669703244,255.75,22.833632667082373
LightGBM,B,Destructions et dégradations volontaires,R28,Normandie,2771.135679193641,2474.2100000000005,80.31458783717815
LightGBM,A,Destructions et dégradations volontaires,R32,Hauts-de-France,1155.6244253649193,1145.25,33.625742793147026
LightGBM,B,Destructions et dégradations volontaires,R32,Hauts-de-France,8171.712389089572,7314.5599999999995,109.25114455583926
LightGBM,A,Destructions et dégradations volontaires,R44,Grand Est,849.911513816767,787.7744482517243,30.365504207390153
LightGBM,B,Destructions et dégradations volontaires,R44,Grand Est,2349.5648681771477,2070.0194220275876,91.39510044277218
LightGBM,A,Destructions et dégradations volontaires,R52,Pays de la Loire,269.8453260666191,267.5,23.933260480637465
LightGBM,B,Destructions et dégradations volontaires,R52,Pays de la Loire,3193.899605497956,2765.08,82.0939281348329
LightGBM,A,Destructions et dégradations volontaires,R53,Bretagne,36.46659430218292,28.5,3.818440331598226
LightGBM,B,Destructions et dégradations volontaires,R53,Bretagne,1703.0772195132552,1466.5,32.46718965751824
LightGBM,A,Destructions et dégradations volontaires,R75,Nouvelle-Aquitaine,54.0320455566108,44.2178367578166,3.0689874154865446
LightGBM,B,Destructions et dégradations volontaires,R75,Nouvelle-Aquitaine,2859.7045351293386,1995.0076494366656,84.11444098535976
LightGBM,A,Destructions et dégradations volontaires,R76,Occitanie,448.92241531225085,424.87297637080883,24.317568041513717
LightGBM,B,Destructions et dégradations volontaires,R76,Occitanie,3146.4660898506113,2513.899050464984,198.2277589404635
LightGBM,A,Destructions et dégradations volontaires,R84,Auvergne-RA,1144.834199450831,1125.8197834987052,27.597571047325165
LightGBM,B,Destructions et dégradations volontaires,R84,Auvergne-RA,3673.5565260506864,3132.5727047749715,124.34300570618073
LightGBM,A,Destructions et dégradations volontaires,R93,PACA,405.1123301011708,404.0,26.333100286304838
LightGBM,B,Destructions et dégradations volontaires,R93,PACA,7468.4708576380535,6014.597222222223,257.4764566147486
LightGBM,A,Destructions et dégradations volontaires,R94,Corse,66.4647462945583,64.75,23.825887743413517
LightGBM,B,Destructions et dégradations volontaires,R94,Corse,212.81814419828024,184.875,12.802733715855656
LightGBM,A,Violences sexuelles,R01,Guadeloupe,63.28556312461792,56.25,26.709881320949435
LightGBM,B,Violences sexuelles,R01,Guadeloupe,159.0070753142765,141.0,24.51997402758024
LightGBM,A,Violences sexuelles,R02,Martinique,81.85963596303125,74.0,31.63403316756487
LightGBM,B,Violences sexuelles,R02,Martinique,252.63857583512458,234.5,35.08228850778398
LightGBM,A,Violences sexuelles,R03,Guyane,96.2616876020777,92.25,30.413817663817667
LightGBM,B,Violences sexuelles,R03,Guyane,171.58470940034255,157.75,24.842316513761467
LightGBM,A,Violences sexuelles,R04,La Réunion,157.7024492517475,146.25,27.86934865598183
LightGBM,B,Violences sexuelles,R04,La Réunion,354.4976198791749,325.25,21.705145404189025
LightGBM,A,Violences sexuelles,R06,Mayotte,76.44932962426813,56.5,38.748706004140786
LightGBM,B,Violences sexuelles,R06,Mayotte,107.0420478129973,93.0,22.917837473305607
LightGBM,A,Violences sexuelles,R11,Île-de-France,2148.870691782081,1987.5,34.32236795487439
LightGBM,B,Violences sexuelles,R11,Île-de-France,931.6451175206147,519.375,19.626257932934475
LightGBM,A,Violences sexuelles,R24,Centre-Val de Loire,568.51231297132,542.5,40.81042926639849
LightGBM,B,Violences sexuelles,R24,Centre-Val de Loire,322.89073282957844,241.11805555555557,36.414059953011964
LightGBM,A,Violences sexuelles,R27,Bourgogne-FC,410.4354395029747,395.0,35.1961702765495
LightGBM,B,Violences sexuelles,R27,Bourgogne-FC,221.16313840480402,177.79296875,39.19424298550034
LightGBM,A,Violences sexuelles,R28,Normandie,717.0870327233648,697.25,39.86468309251949
LightGBM,B,Violences sexuelles,R28,Normandie,488.6684689029977,368.76,35.378098596018035
LightGBM,A,Violences sexuelles,R32,Hauts-de-France,1169.8808700034376,1101.0,37.09905782487352
LightGBM,B,Violences sexuelles,R32,Hauts-de-France,1305.9943654166354,954.3299999999999,50.438072259561004
LightGBM,A,Violences sexuelles,R44,Grand Est,713.0633059518099,641.425777697564,27.6759617401964
LightGBM,B,Violences sexuelles,R44,Grand Est,378.41757028279574,309.8939378699064,49.80467628355162
LightGBM,A,Violences sexuelles,R52,Pays de la Loire,789.8796189926665,737.25,39.57576664295009
LightGBM,B,Violences sexuelles,R52,Pays de la Loire,613.196145209671,441.59,40.71689993263023
LightGBM,A,Violences sexuelles,R53,Bretagne,814.9811347509831,782.0,48.32873844241152
LightGBM,B,Violences sexuelles,R53,Bretagne,448.67438429778895,390.90625,34.015804618779505
LightGBM,A,Violences sexuelles,R75,Nouvelle-Aquitaine,995.0194020996539,908.8666626930229,31.113675408072783
LightGBM,B,Violences sexuelles,R75,Nouvelle-Aquitaine,472.451549758798,257.3772209490404,41.58350851967345
LightGBM,A,Violences sexuelles,R76,Occitanie,871.3430337234544,769.6534495592108,28.466810868473814
LightGBM,B,Violences sexuelles,R76,Occitanie,466.5024702538944,322.8847264084275,81.7740570113717
LightGBM,A,Violences sexuelles,R84,Auvergne-RA,1002.4248719054767,921.3200441837307,27.842188954013107
LightGBM,B,Violences sexuelles,R84,Auvergne-RA,450.9543095376268,310.18656433056543,46.44418250232703
LightGBM,A,Violences sexuelles,R93,PACA,762.3742519261783,708.5,35.217705180628684
LightGBM,B,Violences sexuelles,R93,PACA,763.7657936173889,608.0833333333334,118.55257219525718
LightGBM,A,Violences sexuelles,R94,Corse,41.551925346486655,41.25,38.41692927170868
LightGBM,B,Violences sexuelles,R94,Corse,59.64059020499378,49.5,27.223054661324834
